run_id,algorithm,execution_target,optimizer,package_index,package_name,evaluation_index,objective_value,best_objective,best_bitstring,coverage_bitstring,best_qubo_energy,shots_total,shots_feasible,improved
qaoa_selene_spsa_n10_m3_p1_lamx3_515p360102-669p59724-921p694313_20260405T095019Z,qaoa,selene,spsa,0,Young Driver Budget,1,7058.534721417562,7058.534721417562,011001000001001,0110010000,-342.68597500800024,256,24,1
qaoa_selene_spsa_n10_m3_p1_lamx3_515p360102-669p59724-921p694313_20260405T095019Z,qaoa,selene,spsa,0,Young Driver Budget,2,6407.318653636876,6407.318653636876,010101110000010,0101011100,238.6512529439933,256,19,1
qaoa_selene_spsa_n10_m3_p1_lamx3_515p360102-669p59724-921p694313_20260405T095019Z,qaoa,selene,spsa,0,Young Driver Budget,3,6366.399570287252,6366.399570287252,110101010100100,1101010101,81.1114905119939,256,22,1
qaoa_selene_spsa_n10_m3_p1_lamx3_515p360102-669p59724-921p694313_20260405T095019Z,qaoa,selene,spsa,0,Young Driver Budget,4,7008.954666889504,6366.399570287252,011001000101001,0110010001,144.10216579199914,256,19,0
qaoa_selene_spsa_n10_m3_p1_lamx3_515p360102-669p59724-921p694313_20260405T095019Z,qaoa,selene,spsa,0,Young Driver Budget,5,6991.571605965378,6366.399570287252,011001000101001,0110010001,144.10216579199914,256,19,0
qaoa_selene_spsa_n10_m3_p1_lamx3_515p360102-669p59724-921p694313_20260405T095019Z,qaoa,selene,spsa,0,Young Driver Budget,6,6991.571605965378,6366.399570287252,011001000101001,0110010001,144.10216579199914,256,19,0
qaoa_selene_spsa_n10_m3_p1_lamx3_515p360102-669p59724-921p694313_20260405T095019Z,qaoa,selene,spsa,0,Young Driver Budget,7,6913.521745784064,6366.399570287252,100010001110110,1000100011,-241.34138496000378,256,15,0
qaoa_selene_spsa_n10_m3_p1_lamx3_515p360102-669p59724-921p694313_20260405T095019Z,qaoa,selene,spsa,0,Young Driver Budget,8,6987.883861169254,6366.399570287252,011001000101001,0110010001,144.10216579199914,256,19,0
qaoa_selene_spsa_n10_m3_p1_lamx3_515p360102-669p59724-921p694313_20260405T095019Z,qaoa,selene,spsa,0,Young Driver Budget,9,6987.883861169253,6366.399570287252,011001000101001,0110010001,144.10216579199914,256,19,0
qaoa_selene_spsa_n10_m3_p1_lamx3_515p360102-669p59724-921p694313_20260405T095019Z,qaoa,selene,spsa,0,Young Driver Budget,10,6491.7448083442505,6366.399570287252,101000100100110,1010001001,109.56736003199694,256,19,0
qaoa_selene_spsa_n10_m3_p1_lamx3_515p360102-669p59724-921p694313_20260405T095019Z,qaoa,selene,spsa,0,Young Driver Budget,11,7170.394836291374,6366.399570287252,101000100100110,1010001001,109.56736003199694,256,19,0
qaoa_selene_spsa_n10_m3_p1_lamx3_515p360102-669p59724-921p694313_20260405T095019Z,qaoa,selene,spsa,0,Young Driver Budget,12,6990.981098424379,6366.399570287252,011001000101001,0110010001,144.10216579199914,256,19,0
qaoa_selene_spsa_n10_m3_p1_lamx3_515p360102-669p59724-921p694313_20260405T095019Z,qaoa,selene,spsa,0,Young Driver Budget,13,7266.703090101002,6366.399570287252,011001000101001,0110010001,144.10216579199914,256,17,0
qaoa_selene_spsa_n10_m3_p1_lamx3_515p360102-669p59724-921p694313_20260405T095019Z,qaoa,selene,spsa,0,Young Driver Budget,14,6991.5243187773785,6366.399570287252,011001000101001,0110010001,144.10216579199914,256,19,0
qaoa_selene_spsa_n10_m3_p1_lamx3_515p360102-669p59724-921p694313_20260405T095019Z,qaoa,selene,spsa,0,Young Driver Budget,15,7518.234880250249,6366.399570287252,011001000101001,0110010001,144.10216579199914,256,19,0
qaoa_selene_spsa_n10_m3_p1_lamx3_515p360102-669p59724-921p694313_20260405T095019Z,qaoa,selene,spsa,0,Young Driver Budget,16,6992.344968738192,6366.399570287252,011001000101001,0110010001,144.10216579199914,256,20,0
qaoa_selene_spsa_n10_m3_p1_lamx3_515p360102-669p59724-921p694313_20260405T095019Z,qaoa,selene,spsa,0,Young Driver Budget,17,7054.874363245317,6366.399570287252,011001000101001,0110010001,144.10216579199914,256,20,0
qaoa_selene_spsa_n10_m3_p1_lamx3_515p360102-669p59724-921p694313_20260405T095019Z,qaoa,selene,spsa,0,Young Driver Budget,18,7054.874363245317,6366.399570287252,011001000101001,0110010001,144.10216579199914,256,20,0
qaoa_selene_spsa_n10_m3_p1_lamx3_515p360102-669p59724-921p694313_20260405T095019Z,qaoa,selene,spsa,0,Young Driver Budget,19,7067.788636630317,6366.399570287252,011001000101001,0110010001,144.10216579199914,256,20,0
qaoa_selene_spsa_n10_m3_p1_lamx3_515p360102-669p59724-921p694313_20260405T095019Z,qaoa,selene,spsa,0,Young Driver Budget,20,7067.788636630317,6366.399570287252,011001000101001,0110010001,144.10216579199914,256,20,0
qaoa_selene_spsa_n10_m3_p1_lamx3_515p360102-669p59724-921p694313_20260405T095019Z,qaoa,selene,spsa,0,Young Driver Budget,21,7071.375798715317,6366.399570287252,011001000101001,0110010001,144.10216579199914,256,21,0
qaoa_selene_spsa_n10_m3_p1_lamx3_515p360102-669p59724-921p694313_20260405T095019Z,qaoa,selene,spsa,0,Young Driver Budget,22,7071.375798715317,6366.399570287252,011001000101001,0110010001,144.10216579199914,256,21,0
qaoa_selene_spsa_n10_m3_p1_lamx3_515p360102-669p59724-921p694313_20260405T095019Z,qaoa,selene,spsa,0,Young Driver Budget,23,7086.578094911254,6366.399570287252,011001000101001,0110010001,144.10216579199914,256,20,0
qaoa_selene_spsa_n10_m3_p1_lamx3_515p360102-669p59724-921p694313_20260405T095019Z,qaoa,selene,spsa,0,Young Driver Budget,24,7086.578094911254,6366.399570287252,011001000101001,0110010001,144.10216579199914,256,20,0
qaoa_selene_spsa_n10_m3_p1_lamx3_515p360102-669p59724-921p694313_20260405T095019Z,qaoa,selene,spsa,0,Young Driver Budget,25,6623.554307521125,6366.399570287252,100100010110110,1001000101,-254.17781688000468,256,17,0
qaoa_selene_spsa_n10_m3_p1_lamx3_515p360102-669p59724-921p694313_20260405T095019Z,qaoa,selene,spsa,0,Young Driver Budget,26,7011.332717098128,6366.399570287252,011001000101001,0110010001,144.10216579199914,256,20,0
qaoa_selene_spsa_n10_m3_p1_lamx3_515p360102-669p59724-921p694313_20260405T095019Z,qaoa,selene,spsa,0,Young Driver Budget,27,7433.362357195128,6366.399570287252,101001001010001,1010010010,604.9448358720001,256,20,0
qaoa_selene_spsa_n10_m3_p1_lamx3_515p360102-669p59724-921p694313_20260405T095019Z,qaoa,selene,spsa,0,Young Driver Budget,28,7056.558475780129,6366.399570287252,011001000101001,0110010001,144.10216579199914,256,20,0
qaoa_selene_spsa_n10_m3_p1_lamx3_515p360102-669p59724-921p694313_20260405T095019Z,qaoa,selene,spsa,0,Young Driver Budget,29,7090.937489812316,6366.399570287252,011001000101001,0110010001,144.10216579199914,256,20,0
qaoa_selene_spsa_n10_m3_p1_lamx3_515p360102-669p59724-921p694313_20260405T095019Z,qaoa,selene,spsa,0,Young Driver Budget,30,7752.148610629314,6366.399570287252,011001000101001,0110010001,144.10216579199914,256,20,0
qaoa_selene_spsa_n10_m3_p1_lamx3_515p360102-669p59724-921p694313_20260405T095019Z,qaoa,selene,spsa,0,Young Driver Budget,31,7041.150338937004,6366.399570287252,011001000101001,0110010001,144.10216579199914,256,20,0
qaoa_selene_spsa_n10_m3_p1_lamx3_515p360102-669p59724-921p694313_20260405T095019Z,qaoa,selene,spsa,0,Young Driver Budget,32,7031.725908475125,6366.399570287252,011001000101001,0110010001,144.10216579199914,256,18,0
qaoa_selene_spsa_n10_m3_p1_lamx3_515p360102-669p59724-921p694313_20260405T095019Z,qaoa,selene,spsa,0,Young Driver Budget,33,7397.751190413187,6366.399570287252,110011001100100,1100110011,93.94792243199481,256,29,0
qaoa_selene_spsa_n10_m3_p1_lamx3_515p360102-669p59724-921p694313_20260405T095019Z,qaoa,selene,spsa,0,Young Driver Budget,34,6184.513417151055,6184.513417151055,101000101100010,1010001011,-419.7060454080056,256,23,1
qaoa_selene_spsa_n10_m3_p1_lamx3_515p360102-669p59724-921p694313_20260405T095019Z,qaoa,selene,spsa,0,Young Driver Budget,35,7123.7473952189985,6184.513417151055,101000100100110,1010001001,109.56736003199694,256,21,0
qaoa_selene_spsa_n10_m3_p1_lamx3_515p360102-669p59724-921p694313_20260405T095019Z,qaoa,selene,spsa,0,Young Driver Budget,36,6996.109699059005,6184.513417151055,011001000101001,0110010001,144.10216579199914,256,21,0
qaoa_selene_spsa_n10_m3_p1_lamx3_515p360102-669p59724-921p694313_20260405T095019Z,qaoa,selene,spsa,0,Young Driver Budget,37,7652.804218683003,6184.513417151055,011001000101001,0110010001,144.10216579199914,256,20,0
qaoa_selene_spsa_n10_m3_p1_lamx3_515p360102-669p59724-921p694313_20260405T095019Z,qaoa,selene,spsa,0,Young Driver Budget,38,7026.416655908817,6184.513417151055,011001000101001,0110010001,144.10216579199914,256,21,0
qaoa_selene_spsa_n10_m3_p1_lamx3_515p360102-669p59724-921p694313_20260405T095019Z,qaoa,selene,spsa,0,Young Driver Budget,39,6387.939008431504,6184.513417151055,101000100100110,1010001001,109.56736003199694,256,21,0
qaoa_selene_spsa_n10_m3_p1_lamx3_515p360102-669p59724-921p694313_20260405T095019Z,qaoa,selene,spsa,0,Young Driver Budget,40,7004.7035350548795,6184.513417151055,011001000101001,0110010001,144.10216579199914,256,21,0
qaoa_selene_spsa_n10_m3_p1_lamx3_515p360102-669p59724-921p694313_20260405T095019Z,qaoa,selene,spsa,0,Young Driver Budget,41,7050.596787187692,6184.513417151055,011001000101001,0110010001,144.10216579199914,256,21,0
qaoa_selene_spsa_n10_m3_p1_lamx3_515p360102-669p59724-921p694313_20260405T095019Z,qaoa,selene,spsa,0,Young Driver Budget,42,7050.596787187692,6184.513417151055,011001000101001,0110010001,144.10216579199914,256,21,0
qaoa_selene_spsa_n10_m3_p1_lamx3_515p360102-669p59724-921p694313_20260405T095019Z,qaoa,selene,spsa,0,Young Driver Budget,43,7186.016331036562,6184.513417151055,101000100100110,1010001001,109.56736003199694,256,20,0
qaoa_selene_spsa_n10_m3_p1_lamx3_515p360102-669p59724-921p694313_20260405T095019Z,qaoa,selene,spsa,0,Young Driver Budget,44,6969.83597359238,6184.513417151055,011001000101001,0110010001,144.10216579199914,256,21,0
qaoa_selene_spsa_n10_m3_p1_lamx3_515p360102-669p59724-921p694313_20260405T095019Z,qaoa,selene,spsa,0,Young Driver Budget,45,6944.851949526567,6184.513417151055,011001000101001,0110010001,144.10216579199914,256,22,0
qaoa_selene_spsa_n10_m3_p1_lamx3_515p360102-669p59724-921p694313_20260405T095019Z,qaoa,selene,spsa,0,Young Driver Budget,46,6944.851949526567,6184.513417151055,011001000101001,0110010001,144.10216579199914,256,22,0
qaoa_selene_spsa_n10_m3_p1_lamx3_515p360102-669p59724-921p694313_20260405T095019Z,qaoa,selene,spsa,0,Young Driver Budget,47,6943.55812459238,6184.513417151055,011001000101001,0110010001,144.10216579199914,256,22,0
qaoa_selene_spsa_n10_m3_p1_lamx3_515p360102-669p59724-921p694313_20260405T095019Z,qaoa,selene,spsa,0,Young Driver Budget,48,6943.55812459238,6184.513417151055,011001000101001,0110010001,144.10216579199914,256,22,0
qaoa_selene_spsa_n10_m3_p1_lamx3_515p360102-669p59724-921p694313_20260405T095019Z,qaoa,selene,spsa,0,Young Driver Budget,49,6965.013679623192,6184.513417151055,011001000101001,0110010001,144.10216579199914,256,22,0
qaoa_selene_spsa_n10_m3_p1_lamx3_515p360102-669p59724-921p694313_20260405T095019Z,qaoa,selene,spsa,0,Young Driver Budget,50,6965.013679623192,6184.513417151055,011001000101001,0110010001,144.10216579199914,256,22,0
qaoa_selene_spsa_n10_m3_p1_lamx3_515p360102-669p59724-921p694313_20260405T095019Z,qaoa,selene,spsa,0,Young Driver Budget,51,6817.331004202879,6184.513417151055,011001000101010,0110010001,144.10216579199187,256,21,0
qaoa_selene_spsa_n10_m3_p1_lamx3_515p360102-669p59724-921p694313_20260405T095019Z,qaoa,selene,spsa,0,Young Driver Budget,52,7005.800128041004,6184.513417151055,011001000101001,0110010001,144.10216579199914,256,22,0
qaoa_selene_spsa_n10_m3_p1_lamx3_515p360102-669p59724-921p694313_20260405T095019Z,qaoa,selene,spsa,0,Young Driver Budget,53,6968.694131884879,6184.513417151055,011001000101001,0110010001,144.10216579199914,256,22,0
qaoa_selene_spsa_n10_m3_p1_lamx3_515p360102-669p59724-921p694313_20260405T095019Z,qaoa,selene,spsa,0,Young Driver Budget,54,7188.47423209988,6184.513417151055,101001001010001,1010010010,604.9448358720001,256,22,0
qaoa_selene_spsa_n10_m3_p1_lamx3_515p360102-669p59724-921p694313_20260405T095019Z,qaoa,selene,spsa,0,Young Driver Budget,55,6972.129062145003,6184.513417151055,011001000101001,0110010001,144.10216579199914,256,22,0
qaoa_selene_spsa_n10_m3_p1_lamx3_515p360102-669p59724-921p694313_20260405T095019Z,qaoa,selene,spsa,0,Young Driver Budget,56,6972.129062145003,6184.513417151055,011001000101001,0110010001,144.10216579199914,256,22,0
qaoa_selene_spsa_n10_m3_p1_lamx3_515p360102-669p59724-921p694313_20260405T095019Z,qaoa,selene,spsa,0,Young Driver Budget,57,6950.05273953169,6184.513417151055,011001000101001,0110010001,144.10216579199914,256,22,0
qaoa_selene_spsa_n10_m3_p1_lamx3_515p360102-669p59724-921p694313_20260405T095019Z,qaoa,selene,spsa,0,Young Driver Budget,58,6950.05273953169,6184.513417151055,011001000101001,0110010001,144.10216579199914,256,22,0
qaoa_selene_spsa_n10_m3_p1_lamx3_515p360102-669p59724-921p694313_20260405T095019Z,qaoa,selene,spsa,0,Young Driver Budget,59,7664.305257779631,6184.513417151055,011001000101001,0110010001,144.10216579199914,256,19,0
qaoa_selene_spsa_n10_m3_p1_lamx3_515p360102-669p59724-921p694313_20260405T095019Z,qaoa,selene,spsa,0,Young Driver Budget,60,6962.351752621693,6184.513417151055,011001000101001,0110010001,144.10216579199914,256,22,0
qaoa_selene_spsa_n10_m3_p1_lamx3_515p360102-669p59724-921p694313_20260405T095019Z,qaoa,selene,spsa,0,Young Driver Budget,61,6442.645433720439,6184.513417151055,111000110100100,1110001101,-3.631784208006138,256,16,0
qaoa_selene_spsa_n10_m3_p1_lamx3_515p360102-669p59724-921p694313_20260405T095019Z,qaoa,selene,spsa,0,Young Driver Budget,62,6978.925292734692,6184.513417151055,011001000101001,0110010001,144.10216579199914,256,22,0
qaoa_selene_spsa_n10_m3_p1_lamx3_515p360102-669p59724-921p694313_20260405T095019Z,qaoa,selene,spsa,0,Young Driver Budget,63,6992.823630394875,6184.513417151055,101001000100110,1010010001,74.9260749119967,256,22,0
qaoa_selene_spsa_n10_m3_p1_lamx3_515p360102-669p59724-921p694313_20260405T095019Z,qaoa,selene,spsa,0,Young Driver Budget,64,6958.30832736488,6184.513417151055,011001000101001,0110010001,144.10216579199914,256,22,0
qaoa_selene_spsa_n10_m3_p1_lamx3_515p360102-669p59724-921p694313_20260405T095019Z,qaoa,selene,spsa,0,Young Driver Budget,65,6774.161227438311,6184.513417151055,100101000100110,1001010001,194.310634751997,256,21,0
qaoa_selene_spsa_n10_m3_p1_lamx3_515p360102-669p59724-921p694313_20260405T095019Z,qaoa,selene,spsa,0,Young Driver Budget,66,6953.590238014879,6184.513417151055,011001000101001,0110010001,144.10216579199914,256,22,0
qaoa_selene_spsa_n10_m3_p1_lamx3_515p360102-669p59724-921p694313_20260405T095019Z,qaoa,selene,spsa,0,Young Driver Budget,67,7121.986882742065,6184.513417151055,101000100100110,1010001001,109.56736003199694,256,22,0
qaoa_selene_spsa_n10_m3_p1_lamx3_515p360102-669p59724-921p694313_20260405T095019Z,qaoa,selene,spsa,0,Young Driver Budget,68,6954.763452004879,6184.513417151055,011001000101001,0110010001,144.10216579199914,256,22,0
qaoa_selene_spsa_n10_m3_p1_lamx3_515p360102-669p59724-921p694313_20260405T095019Z,qaoa,selene,spsa,0,Young Driver Budget,69,7323.793424697754,6184.513417151055,101000100100110,1010001001,109.56736003199694,256,22,0
qaoa_selene_spsa_n10_m3_p1_lamx3_515p360102-669p59724-921p694313_20260405T095019Z,qaoa,selene,spsa,0,Young Driver Budget,70,6967.264655334753,6184.513417151055,011001000101001,0110010001,144.10216579199914,256,22,0
qaoa_selene_spsa_n10_m3_p1_lamx3_515p360102-669p59724-921p694313_20260405T095019Z,qaoa,selene,spsa,0,Young Driver Budget,71,6985.4730784166295,6184.513417151055,011001000101001,0110010001,144.10216579199914,256,22,0
qaoa_selene_spsa_n10_m3_p1_lamx3_515p360102-669p59724-921p694313_20260405T095019Z,qaoa,selene,spsa,0,Young Driver Budget,72,6907.54003897182,6184.513417151055,101000100100110,1010001001,109.56736003199694,256,22,0
qaoa_selene_spsa_n10_m3_p1_lamx3_515p360102-669p59724-921p694313_20260405T095019Z,qaoa,selene,spsa,0,Young Driver Budget,73,7019.113152533628,6184.513417151055,011001000101001,0110010001,144.10216579199914,256,22,0
qaoa_selene_spsa_n10_m3_p1_lamx3_515p360102-669p59724-921p694313_20260405T095019Z,qaoa,selene,spsa,0,Young Driver Budget,74,7019.113152533628,6184.513417151055,011001000101001,0110010001,144.10216579199914,256,22,0
qaoa_selene_spsa_n10_m3_p1_lamx3_515p360102-669p59724-921p694313_20260405T095019Z,qaoa,selene,spsa,0,Young Driver Budget,75,6964.177565930817,6184.513417151055,011001000101001,0110010001,144.10216579199914,256,22,0
qaoa_selene_spsa_n10_m3_p1_lamx3_515p360102-669p59724-921p694313_20260405T095019Z,qaoa,selene,spsa,0,Young Driver Budget,76,6964.177565930817,6184.513417151055,011001000101001,0110010001,144.10216579199914,256,22,0
qaoa_selene_spsa_n10_m3_p1_lamx3_515p360102-669p59724-921p694313_20260405T095019Z,qaoa,selene,spsa,0,Young Driver Budget,77,6762.940676997371,6184.513417151055,011001000101001,0110010001,144.10216579199914,256,21,0
qaoa_selene_spsa_n10_m3_p1_lamx3_515p360102-669p59724-921p694313_20260405T095019Z,qaoa,selene,spsa,0,Young Driver Budget,78,6913.451620491003,6184.513417151055,011001000101001,0110010001,144.10216579199914,256,22,0
qaoa_selene_spsa_n10_m3_p1_lamx3_515p360102-669p59724-921p694313_20260405T095019Z,qaoa,selene,spsa,0,Young Driver Budget,79,7112.920138086754,6184.513417151055,011001000101001,0110010001,144.10216579199914,256,22,0
qaoa_selene_spsa_n10_m3_p1_lamx3_515p360102-669p59724-921p694313_20260405T095019Z,qaoa,selene,spsa,0,Young Driver Budget,80,6927.793179450003,6184.513417151055,011001000101001,0110010001,144.10216579199914,256,22,0
qaoa_selene_spsa_n10_m3_p1_lamx3_515p360102-669p59724-921p694313_20260405T095019Z,qaoa,selene,spsa,1,Young Family Starter,1,8093.878260264489,8093.878260264489,011001001100100,0110010011,191.58095321599103,256,30,1
qaoa_selene_spsa_n10_m3_p1_lamx3_515p360102-669p59724-921p694313_20260405T095019Z,qaoa,selene,spsa,1,Young Family Starter,2,8661.206359733245,8093.878260264489,010101101100100,0101011011,320.20868537599017,256,27,0
qaoa_selene_spsa_n10_m3_p1_lamx3_515p360102-669p59724-921p694313_20260405T095019Z,qaoa,selene,spsa,1,Young Family Starter,3,8859.10818828024,8093.878260264489,100011000101110,1000110001,-278.2706657279996,256,26,0
qaoa_selene_spsa_n10_m3_p1_lamx3_515p360102-669p59724-921p694313_20260405T095019Z,qaoa,selene,spsa,1,Young Family Starter,4,8241.606224677738,8093.878260264489,100011000101110,1000110001,-278.2706657279996,256,26,0
qaoa_selene_spsa_n10_m3_p1_lamx3_515p360102-669p59724-921p694313_20260405T095019Z,qaoa,selene,spsa,1,Young Family Starter,5,8867.776340373988,8093.878260264489,100011000101110,1000110001,-278.2706657279996,256,26,0
qaoa_selene_spsa_n10_m3_p1_lamx3_515p360102-669p59724-921p694313_20260405T095019Z,qaoa,selene,spsa,1,Young Family Starter,6,9667.050775491494,8093.878260264489,100011000101110,1000110001,-278.2706657279996,256,27,0
qaoa_selene_spsa_n10_m3_p1_lamx3_515p360102-669p59724-921p694313_20260405T095019Z,qaoa,selene,spsa,1,Young Family Starter,7,8863.515699975493,8093.878260264489,010010000111001,0100100001,-184.02846720000525,256,28,0
qaoa_selene_spsa_n10_m3_p1_lamx3_515p360102-669p59724-921p694313_20260405T095019Z,qaoa,selene,spsa,1,Young Family Starter,8,8869.948695607989,8093.878260264489,100011000101110,1000110001,-278.2706657279996,256,27,0
qaoa_selene_spsa_n10_m3_p1_lamx3_515p360102-669p59724-921p694313_20260405T095019Z,qaoa,selene,spsa,1,Young Family Starter,9,9120.149580720486,8093.878260264489,100011001100010,1000110011,-298.498242048001,256,37,0
qaoa_selene_spsa_n10_m3_p1_lamx3_515p360102-669p59724-921p694313_20260405T095019Z,qaoa,selene,spsa,1,Young Family Starter,10,8131.236253603742,8093.878260264489,101001110000010,1010011100,155.49398387199471,256,15,0
qaoa_selene_spsa_n10_m3_p1_lamx3_515p360102-669p59724-921p694313_20260405T095019Z,qaoa,selene,spsa,1,Young Family Starter,11,8692.28397873049,8093.878260264489,100011000101110,1000110001,-278.2706657279996,256,26,0
qaoa_selene_spsa_n10_m3_p1_lamx3_515p360102-669p59724-921p694313_20260405T095019Z,qaoa,selene,spsa,1,Young Family Starter,12,8733.881789992996,8093.878260264489,100011000101110,1000110001,-278.2706657279996,256,26,0
qaoa_selene_spsa_n10_m3_p1_lamx3_515p360102-669p59724-921p694313_20260405T095019Z,qaoa,selene,spsa,1,Young Family Starter,13,8597.140453442988,8093.878260264489,100011000101110,1000110001,-278.2706657279996,256,26,0
qaoa_selene_spsa_n10_m3_p1_lamx3_515p360102-669p59724-921p694313_20260405T095019Z,qaoa,selene,spsa,1,Young Family Starter,14,8400.415782117741,8093.878260264489,100010101100010,1000101011,-271.83605094400264,256,20,0
qaoa_selene_spsa_n10_m3_p1_lamx3_515p360102-669p59724-921p694313_20260405T095019Z,qaoa,selene,spsa,1,Young Family Starter,15,8900.686363484492,8093.878260264489,100100000011101,1001000000,-199.3439312640039,256,25,0
qaoa_selene_spsa_n10_m3_p1_lamx3_515p360102-669p59724-921p694313_20260405T095019Z,qaoa,selene,spsa,1,Young Family Starter,16,8586.846609170489,8093.878260264489,100011000101110,1000110001,-278.2706657279996,256,26,0
qaoa_selene_spsa_n10_m3_p1_lamx3_515p360102-669p59724-921p694313_20260405T095019Z,qaoa,selene,spsa,1,Young Family Starter,17,8201.623997874241,8093.878260264489,100011000101110,1000110001,-278.2706657279996,256,26,0
qaoa_selene_spsa_n10_m3_p1_lamx3_515p360102-669p59724-921p694313_20260405T095019Z,qaoa,selene,spsa,1,Young Family Starter,18,8578.774590721741,8093.878260264489,100011000101110,1000110001,-278.2706657279996,256,26,0
qaoa_selene_spsa_n10_m3_p1_lamx3_515p360102-669p59724-921p694313_20260405T095019Z,qaoa,selene,spsa,1,Young Family Starter,19,8483.509674643248,8093.878260264489,100011000101110,1000110001,-278.2706657279996,256,26,0
qaoa_selene_spsa_n10_m3_p1_lamx3_515p360102-669p59724-921p694313_20260405T095019Z,qaoa,selene,spsa,1,Young Family Starter,20,8520.561752150743,8093.878260264489,100011000101110,1000110001,-278.2706657279996,256,26,0
qaoa_selene_spsa_n10_m3_p1_lamx3_515p360102-669p59724-921p694313_20260405T095019Z,qaoa,selene,spsa,1,Young Family Starter,21,8457.191658008493,8093.878260264489,100011000101110,1000110001,-278.2706657279996,256,26,0
qaoa_selene_spsa_n10_m3_p1_lamx3_515p360102-669p59724-921p694313_20260405T095019Z,qaoa,selene,spsa,1,Young Family Starter,22,9750.516727959744,8093.878260264489,011001001100100,0110010011,191.58095321599103,256,27,0
qaoa_selene_spsa_n10_m3_p1_lamx3_515p360102-669p59724-921p694313_20260405T095019Z,qaoa,selene,spsa,1,Young Family Starter,23,8036.009313190992,8036.009313190992,100011000101110,1000110001,-278.2706657279996,256,26,1
qaoa_selene_spsa_n10_m3_p1_lamx3_515p360102-669p59724-921p694313_20260405T095019Z,qaoa,selene,spsa,1,Young Family Starter,24,8439.497510433492,8036.009313190992,100011000101110,1000110001,-278.2706657279996,256,26,0
qaoa_selene_spsa_n10_m3_p1_lamx3_515p360102-669p59724-921p694313_20260405T095019Z,qaoa,selene,spsa,1,Young Family Starter,25,8423.239613727494,8036.009313190992,100011000101110,1000110001,-278.2706657279996,256,26,0
qaoa_selene_spsa_n10_m3_p1_lamx3_515p360102-669p59724-921p694313_20260405T095019Z,qaoa,selene,spsa,1,Young Family Starter,26,8331.259637626248,8036.009313190992,100011000101110,1000110001,-278.2706657279996,256,26,0
qaoa_selene_spsa_n10_m3_p1_lamx3_515p360102-669p59724-921p694313_20260405T095019Z,qaoa,selene,spsa,1,Young Family Starter,27,8508.716118066246,8036.009313190992,100011000101110,1000110001,-278.2706657279996,256,26,0
qaoa_selene_spsa_n10_m3_p1_lamx3_515p360102-669p59724-921p694313_20260405T095019Z,qaoa,selene,spsa,1,Young Family Starter,28,8107.740473342493,8036.009313190992,100011000101110,1000110001,-278.2706657279996,256,26,0
qaoa_selene_spsa_n10_m3_p1_lamx3_515p360102-669p59724-921p694313_20260405T095019Z,qaoa,selene,spsa,1,Young Family Starter,29,8181.346845020494,8036.009313190992,100011000101110,1000110001,-278.2706657279996,256,24,0
qaoa_selene_spsa_n10_m3_p1_lamx3_515p360102-669p59724-921p694313_20260405T095019Z,qaoa,selene,spsa,1,Young Family Starter,30,8467.421611232745,8036.009313190992,100011000101110,1000110001,-278.2706657279996,256,26,0
qaoa_selene_spsa_n10_m3_p1_lamx3_515p360102-669p59724-921p694313_20260405T095019Z,qaoa,selene,spsa,1,Young Family Starter,31,8262.609289655247,8036.009313190992,100011000101110,1000110001,-278.2706657279996,256,26,0
qaoa_selene_spsa_n10_m3_p1_lamx3_515p360102-669p59724-921p694313_20260405T095019Z,qaoa,selene,spsa,1,Young Family Starter,32,8456.432075167746,8036.009313190992,100011000101110,1000110001,-278.2706657279996,256,26,0
qaoa_selene_spsa_n10_m3_p1_lamx3_515p360102-669p59724-921p694313_20260405T095019Z,qaoa,selene,spsa,1,Young Family Starter,33,8451.193752961495,8036.009313190992,100011000101110,1000110001,-278.2706657279996,256,26,0
qaoa_selene_spsa_n10_m3_p1_lamx3_515p360102-669p59724-921p694313_20260405T095019Z,qaoa,selene,spsa,1,Young Family Starter,34,8088.732574206494,8036.009313190992,100100000011101,1001000000,-199.3439312640039,256,25,0
qaoa_selene_spsa_n10_m3_p1_lamx3_515p360102-669p59724-921p694313_20260405T095019Z,qaoa,selene,spsa,1,Young Family Starter,35,8444.016895876748,8036.009313190992,100011000101110,1000110001,-278.2706657279996,256,27,0
qaoa_selene_spsa_n10_m3_p1_lamx3_515p360102-669p59724-921p694313_20260405T095019Z,qaoa,selene,spsa,1,Young Family Starter,36,8444.016895876748,8036.009313190992,100011000101110,1000110001,-278.2706657279996,256,27,0
qaoa_selene_spsa_n10_m3_p1_lamx3_515p360102-669p59724-921p694313_20260405T095019Z,qaoa,selene,spsa,1,Young Family Starter,37,8526.894236529248,8036.009313190992,100011000101110,1000110001,-278.2706657279996,256,26,0
qaoa_selene_spsa_n10_m3_p1_lamx3_515p360102-669p59724-921p694313_20260405T095019Z,qaoa,selene,spsa,1,Young Family Starter,38,8526.894236529248,8036.009313190992,100011000101110,1000110001,-278.2706657279996,256,26,0
qaoa_selene_spsa_n10_m3_p1_lamx3_515p360102-669p59724-921p694313_20260405T095019Z,qaoa,selene,spsa,1,Young Family Starter,39,8522.554837477997,8036.009313190992,100011000101110,1000110001,-278.2706657279996,256,27,0
qaoa_selene_spsa_n10_m3_p1_lamx3_515p360102-669p59724-921p694313_20260405T095019Z,qaoa,selene,spsa,1,Young Family Starter,40,8522.554837477997,8036.009313190992,100011000101110,1000110001,-278.2706657279996,256,27,0
qaoa_selene_spsa_n10_m3_p1_lamx3_515p360102-669p59724-921p694313_20260405T095019Z,qaoa,selene,spsa,1,Young Family Starter,41,8611.591599868996,8036.009313190992,100011000101110,1000110001,-278.2706657279996,256,26,0
qaoa_selene_spsa_n10_m3_p1_lamx3_515p360102-669p59724-921p694313_20260405T095019Z,qaoa,selene,spsa,1,Young Family Starter,42,8637.793614639999,8036.009313190992,100011000101110,1000110001,-278.2706657279996,256,27,0
qaoa_selene_spsa_n10_m3_p1_lamx3_515p360102-669p59724-921p694313_20260405T095019Z,qaoa,selene,spsa,1,Young Family Starter,43,8971.580741116244,8036.009313190992,110011000101010,1100110001,257.89995283199823,256,12,0
qaoa_selene_spsa_n10_m3_p1_lamx3_515p360102-669p59724-921p694313_20260405T095019Z,qaoa,selene,spsa,1,Young Family Starter,44,8188.022925265991,8036.009313190992,100100000011101,1001000000,-199.3439312640039,256,29,0
qaoa_selene_spsa_n10_m3_p1_lamx3_515p360102-669p59724-921p694313_20260405T095019Z,qaoa,selene,spsa,1,Young Family Starter,45,8678.027578798998,8036.009313190992,100011000101110,1000110001,-278.2706657279996,256,27,0
qaoa_selene_spsa_n10_m3_p1_lamx3_515p360102-669p59724-921p694313_20260405T095019Z,qaoa,selene,spsa,1,Young Family Starter,46,8678.027578798998,8036.009313190992,100011000101110,1000110001,-278.2706657279996,256,27,0
qaoa_selene_spsa_n10_m3_p1_lamx3_515p360102-669p59724-921p694313_20260405T095019Z,qaoa,selene,spsa,1,Young Family Starter,47,8025.661768358743,8025.661768358743,100011000101110,1000110001,-278.2706657279996,256,28,1
qaoa_selene_spsa_n10_m3_p1_lamx3_515p360102-669p59724-921p694313_20260405T095019Z,qaoa,selene,spsa,1,Young Family Starter,48,8648.831895656247,8025.661768358743,100011000101110,1000110001,-278.2706657279996,256,28,0
qaoa_selene_spsa_n10_m3_p1_lamx3_515p360102-669p59724-921p694313_20260405T095019Z,qaoa,selene,spsa,1,Young Family Starter,49,8650.535156954746,8025.661768358743,100011000101110,1000110001,-278.2706657279996,256,28,0
qaoa_selene_spsa_n10_m3_p1_lamx3_515p360102-669p59724-921p694313_20260405T095019Z,qaoa,selene,spsa,1,Young Family Starter,50,8550.858622682497,8025.661768358743,100100000011101,1001000000,-199.3439312640039,256,26,0
qaoa_selene_spsa_n10_m3_p1_lamx3_515p360102-669p59724-921p694313_20260405T095019Z,qaoa,selene,spsa,1,Young Family Starter,51,8071.825836325991,8025.661768358743,011001010100010,0110010101,-472.9070439040006,256,28,0
qaoa_selene_spsa_n10_m3_p1_lamx3_515p360102-669p59724-921p694313_20260405T095019Z,qaoa,selene,spsa,1,Young Family Starter,52,8632.030686763495,8025.661768358743,100011000101110,1000110001,-278.2706657279996,256,28,0
qaoa_selene_spsa_n10_m3_p1_lamx3_515p360102-669p59724-921p694313_20260405T095019Z,qaoa,selene,spsa,1,Young Family Starter,53,9818.211285386244,8025.661768358743,011000001010001,0110000010,-376.85327776000486,256,28,0
qaoa_selene_spsa_n10_m3_p1_lamx3_515p360102-669p59724-921p694313_20260405T095019Z,qaoa,selene,spsa,1,Young Family Starter,54,8623.398569067494,8025.661768358743,100011000101110,1000110001,-278.2706657279996,256,28,0
qaoa_selene_spsa_n10_m3_p1_lamx3_515p360102-669p59724-921p694313_20260405T095019Z,qaoa,selene,spsa,1,Young Family Starter,55,8508.229945918994,8025.661768358743,011001010100010,0110010101,-472.9070439040006,256,28,0
qaoa_selene_spsa_n10_m3_p1_lamx3_515p360102-669p59724-921p694313_20260405T095019Z,qaoa,selene,spsa,1,Young Family Starter,56,8631.885713500245,8025.661768358743,100011000101110,1000110001,-278.2706657279996,256,28,0
qaoa_selene_spsa_n10_m3_p1_lamx3_515p360102-669p59724-921p694313_20260405T095019Z,qaoa,selene,spsa,1,Young Family Starter,57,8533.505185947994,8025.661768358743,100011000101110,1000110001,-278.2706657279996,256,29,0
qaoa_selene_spsa_n10_m3_p1_lamx3_515p360102-669p59724-921p694313_20260405T095019Z,qaoa,selene,spsa,1,Young Family Starter,58,8533.505185947994,8025.661768358743,100011000101110,1000110001,-278.2706657279996,256,29,0
qaoa_selene_spsa_n10_m3_p1_lamx3_515p360102-669p59724-921p694313_20260405T095019Z,qaoa,selene,spsa,1,Young Family Starter,59,8534.152370189493,8025.661768358743,100011000101110,1000110001,-278.2706657279996,256,29,0
qaoa_selene_spsa_n10_m3_p1_lamx3_515p360102-669p59724-921p694313_20260405T095019Z,qaoa,selene,spsa,1,Young Family Starter,60,8534.152370189493,8025.661768358743,100011000101110,1000110001,-278.2706657279996,256,29,0
qaoa_selene_spsa_n10_m3_p1_lamx3_515p360102-669p59724-921p694313_20260405T095019Z,qaoa,selene,spsa,1,Young Family Starter,61,8425.410505025742,8025.661768358743,100011000101110,1000110001,-278.2706657279996,256,29,0
qaoa_selene_spsa_n10_m3_p1_lamx3_515p360102-669p59724-921p694313_20260405T095019Z,qaoa,selene,spsa,1,Young Family Starter,62,8425.410505025742,8025.661768358743,100011000101110,1000110001,-278.2706657279996,256,29,0
qaoa_selene_spsa_n10_m3_p1_lamx3_515p360102-669p59724-921p694313_20260405T095019Z,qaoa,selene,spsa,1,Young Family Starter,63,7300.090386803994,7300.090386803994,100100000011101,1001000000,-199.3439312640039,256,28,1
qaoa_selene_spsa_n10_m3_p1_lamx3_515p360102-669p59724-921p694313_20260405T095019Z,qaoa,selene,spsa,1,Young Family Starter,64,8345.085806958492,7300.090386803994,100011000101110,1000110001,-278.2706657279996,256,29,0
qaoa_selene_spsa_n10_m3_p1_lamx3_515p360102-669p59724-921p694313_20260405T095019Z,qaoa,selene,spsa,1,Young Family Starter,65,8356.554077473493,7300.090386803994,100011000101110,1000110001,-278.2706657279996,256,29,0
qaoa_selene_spsa_n10_m3_p1_lamx3_515p360102-669p59724-921p694313_20260405T095019Z,qaoa,selene,spsa,1,Young Family Starter,66,8301.071472454745,7300.090386803994,011001010100010,0110010101,-472.9070439040006,256,28,0
qaoa_selene_spsa_n10_m3_p1_lamx3_515p360102-669p59724-921p694313_20260405T095019Z,qaoa,selene,spsa,1,Young Family Starter,67,8368.596900801742,7300.090386803994,100011000101110,1000110001,-278.2706657279996,256,29,0
qaoa_selene_spsa_n10_m3_p1_lamx3_515p360102-669p59724-921p694313_20260405T095019Z,qaoa,selene,spsa,1,Young Family Starter,68,8368.596900801742,7300.090386803994,100011000101110,1000110001,-278.2706657279996,256,29,0
qaoa_selene_spsa_n10_m3_p1_lamx3_515p360102-669p59724-921p694313_20260405T095019Z,qaoa,selene,spsa,1,Young Family Starter,69,8366.000032244245,7300.090386803994,100011000101110,1000110001,-278.2706657279996,256,30,0
qaoa_selene_spsa_n10_m3_p1_lamx3_515p360102-669p59724-921p694313_20260405T095019Z,qaoa,selene,spsa,1,Young Family Starter,70,8366.000032244245,7300.090386803994,100011000101110,1000110001,-278.2706657279996,256,30,0
qaoa_selene_spsa_n10_m3_p1_lamx3_515p360102-669p59724-921p694313_20260405T095019Z,qaoa,selene,spsa,1,Young Family Starter,71,8366.044037954247,7300.090386803994,100011000101110,1000110001,-278.2706657279996,256,30,0
qaoa_selene_spsa_n10_m3_p1_lamx3_515p360102-669p59724-921p694313_20260405T095019Z,qaoa,selene,spsa,1,Young Family Starter,72,8366.044037954247,7300.090386803994,100011000101110,1000110001,-278.2706657279996,256,30,0
qaoa_selene_spsa_n10_m3_p1_lamx3_515p360102-669p59724-921p694313_20260405T095019Z,qaoa,selene,spsa,1,Young Family Starter,73,7892.335305480494,7300.090386803994,100100000011101,1001000000,-199.3439312640039,256,29,0
qaoa_selene_spsa_n10_m3_p1_lamx3_515p360102-669p59724-921p694313_20260405T095019Z,qaoa,selene,spsa,1,Young Family Starter,74,8387.558264230496,7300.090386803994,100011000101110,1000110001,-278.2706657279996,256,30,0
qaoa_selene_spsa_n10_m3_p1_lamx3_515p360102-669p59724-921p694313_20260405T095019Z,qaoa,selene,spsa,1,Young Family Starter,75,8473.709714812745,7300.090386803994,100011000101110,1000110001,-278.2706657279996,256,30,0
qaoa_selene_spsa_n10_m3_p1_lamx3_515p360102-669p59724-921p694313_20260405T095019Z,qaoa,selene,spsa,1,Young Family Starter,76,8127.586711440239,7300.090386803994,100011000101110,1000110001,-278.2706657279996,256,30,0
qaoa_selene_spsa_n10_m3_p1_lamx3_515p360102-669p59724-921p694313_20260405T095019Z,qaoa,selene,spsa,1,Young Family Starter,77,8470.886310328744,7300.090386803994,100011000101110,1000110001,-278.2706657279996,256,30,0
qaoa_selene_spsa_n10_m3_p1_lamx3_515p360102-669p59724-921p694313_20260405T095019Z,qaoa,selene,spsa,1,Young Family Starter,78,8330.986204731238,7300.090386803994,100100000011101,1001000000,-199.3439312640039,256,33,0
qaoa_selene_spsa_n10_m3_p1_lamx3_515p360102-669p59724-921p694313_20260405T095019Z,qaoa,selene,spsa,1,Young Family Starter,79,8385.560743277243,7300.090386803994,100011000101110,1000110001,-278.2706657279996,256,30,0
qaoa_selene_spsa_n10_m3_p1_lamx3_515p360102-669p59724-921p694313_20260405T095019Z,qaoa,selene,spsa,1,Young Family Starter,80,8385.560743277243,7300.090386803994,100011000101110,1000110001,-278.2706657279996,256,30,0
qaoa_selene_spsa_n10_m3_p1_lamx3_515p360102-669p59724-921p694313_20260405T095019Z,qaoa,selene,spsa,2,Suburban Homeowner,1,14162.640839216394,14162.640839216394,101001001000010,1010010010,407.17767939998885,256,20,1
qaoa_selene_spsa_n10_m3_p1_lamx3_515p360102-669p59724-921p694313_20260405T095019Z,qaoa,selene,spsa,2,Suburban Homeowner,2,9847.88672319296,9847.88672319296,011000110010110,0110001100,369.5978771999871,256,49,1
qaoa_selene_spsa_n10_m3_p1_lamx3_515p360102-669p59724-921p694313_20260405T095019Z,qaoa,selene,spsa,2,Suburban Homeowner,3,11211.826915179672,9847.88672319296,010010110100010,0100101101,-284.96894980002253,256,27,0
qaoa_selene_spsa_n10_m3_p1_lamx3_515p360102-669p59724-921p694313_20260405T095019Z,qaoa,selene,spsa,2,Suburban Homeowner,4,11514.194768458967,9847.88672319296,010100001010001,0101000010,-234.2416230000017,256,28,0
qaoa_selene_spsa_n10_m3_p1_lamx3_515p360102-669p59724-921p694313_20260405T095019Z,qaoa,selene,spsa,2,Suburban Homeowner,5,11102.8904297035,9847.88672319296,010010110100010,0100101101,-284.96894980002253,256,27,0
qaoa_selene_spsa_n10_m3_p1_lamx3_515p360102-669p59724-921p694313_20260405T095019Z,qaoa,selene,spsa,2,Suburban Homeowner,6,9936.564504182412,9847.88672319296,010100001010001,0101000010,-234.2416230000017,256,25,0
qaoa_selene_spsa_n10_m3_p1_lamx3_515p360102-669p59724-921p694313_20260405T095019Z,qaoa,selene,spsa,2,Suburban Homeowner,7,11102.565301768343,9847.88672319296,010010110100010,0100101101,-284.96894980002253,256,27,0
qaoa_selene_spsa_n10_m3_p1_lamx3_515p360102-669p59724-921p694313_20260405T095019Z,qaoa,selene,spsa,2,Suburban Homeowner,8,9848.888234364835,9847.88672319296,010010101100010,0100101011,-289.1043188000185,256,29,0
qaoa_selene_spsa_n10_m3_p1_lamx3_515p360102-669p59724-921p694313_20260405T095019Z,qaoa,selene,spsa,2,Suburban Homeowner,9,11010.073266930454,9847.88672319296,010010110100010,0100101101,-284.96894980002253,256,27,0
qaoa_selene_spsa_n10_m3_p1_lamx3_515p360102-669p59724-921p694313_20260405T095019Z,qaoa,selene,spsa,2,Suburban Homeowner,10,12080.867490888662,9847.88672319296,101000001110001,1010000011,453.5403513999918,256,20,0
qaoa_selene_spsa_n10_m3_p1_lamx3_515p360102-669p59724-921p694313_20260405T095019Z,qaoa,selene,spsa,2,Suburban Homeowner,11,11114.086636217964,9847.88672319296,010100001010001,0101000010,-234.2416230000017,256,26,0
qaoa_selene_spsa_n10_m3_p1_lamx3_515p360102-669p59724-921p694313_20260405T095019Z,qaoa,selene,spsa,2,Suburban Homeowner,12,10973.634530031235,9847.88672319296,010010110100010,0100101101,-284.96894980002253,256,27,0
qaoa_selene_spsa_n10_m3_p1_lamx3_515p360102-669p59724-921p694313_20260405T095019Z,qaoa,selene,spsa,2,Suburban Homeowner,13,10885.077483599598,9847.88672319296,010010110100010,0100101101,-284.96894980002253,256,27,0
qaoa_selene_spsa_n10_m3_p1_lamx3_515p360102-669p59724-921p694313_20260405T095019Z,qaoa,selene,spsa,2,Suburban Homeowner,14,11916.441923966777,9847.88672319296,010010110100010,0100101101,-284.96894980002253,256,22,0
qaoa_selene_spsa_n10_m3_p1_lamx3_515p360102-669p59724-921p694313_20260405T095019Z,qaoa,selene,spsa,2,Suburban Homeowner,15,10400.063316607406,9847.88672319296,010100001010001,0101000010,-234.2416230000017,256,26,0
qaoa_selene_spsa_n10_m3_p1_lamx3_515p360102-669p59724-921p694313_20260405T095019Z,qaoa,selene,spsa,2,Suburban Homeowner,16,10963.455231522254,9847.88672319296,010010110100010,0100101101,-284.96894980002253,256,27,0
qaoa_selene_spsa_n10_m3_p1_lamx3_515p360102-669p59724-921p694313_20260405T095019Z,qaoa,selene,spsa,2,Suburban Homeowner,17,10929.032452140611,9847.88672319296,010010110100010,0100101101,-284.96894980002253,256,28,0
qaoa_selene_spsa_n10_m3_p1_lamx3_515p360102-669p59724-921p694313_20260405T095019Z,qaoa,selene,spsa,2,Suburban Homeowner,18,10981.905816938659,9847.88672319296,100100110000110,1001001100,-223.23450040000898,256,29,0
qaoa_selene_spsa_n10_m3_p1_lamx3_515p360102-669p59724-921p694313_20260405T095019Z,qaoa,selene,spsa,2,Suburban Homeowner,19,10874.062002405064,9847.88672319296,010010110100010,0100101101,-284.96894980002253,256,28,0
qaoa_selene_spsa_n10_m3_p1_lamx3_515p360102-669p59724-921p694313_20260405T095019Z,qaoa,selene,spsa,2,Suburban Homeowner,20,10874.062002405064,9847.88672319296,010010110100010,0100101101,-284.96894980002253,256,28,0
qaoa_selene_spsa_n10_m3_p1_lamx3_515p360102-669p59724-921p694313_20260405T095019Z,qaoa,selene,spsa,2,Suburban Homeowner,21,10825.541926379672,9847.88672319296,010010110100010,0100101101,-284.96894980002253,256,28,0
qaoa_selene_spsa_n10_m3_p1_lamx3_515p360102-669p59724-921p694313_20260405T095019Z,qaoa,selene,spsa,2,Suburban Homeowner,22,10825.541926379672,9847.88672319296,010010110100010,0100101101,-284.96894980002253,256,28,0
qaoa_selene_spsa_n10_m3_p1_lamx3_515p360102-669p59724-921p694313_20260405T095019Z,qaoa,selene,spsa,2,Suburban Homeowner,23,11568.973732565222,9847.88672319296,010010101100010,0100101011,-289.1043188000185,256,28,0
qaoa_selene_spsa_n10_m3_p1_lamx3_515p360102-669p59724-921p694313_20260405T095019Z,qaoa,selene,spsa,2,Suburban Homeowner,24,10928.510601427328,9847.88672319296,010010110100010,0100101101,-284.96894980002253,256,28,0
qaoa_selene_spsa_n10_m3_p1_lamx3_515p360102-669p59724-921p694313_20260405T095019Z,qaoa,selene,spsa,2,Suburban Homeowner,25,11012.102766515218,9847.88672319296,010010110100010,0100101101,-284.96894980002253,256,29,0
qaoa_selene_spsa_n10_m3_p1_lamx3_515p360102-669p59724-921p694313_20260405T095019Z,qaoa,selene,spsa,2,Suburban Homeowner,26,10101.904648426547,9847.88672319296,010100001010001,0101000010,-234.2416230000017,256,27,0
qaoa_selene_spsa_n10_m3_p1_lamx3_515p360102-669p59724-921p694313_20260405T095019Z,qaoa,selene,spsa,2,Suburban Homeowner,27,11280.064977216389,9847.88672319296,010100001010001,0101000010,-234.2416230000017,256,30,0
qaoa_selene_spsa_n10_m3_p1_lamx3_515p360102-669p59724-921p694313_20260405T095019Z,qaoa,selene,spsa,2,Suburban Homeowner,28,11065.25052390389,9847.88672319296,010010110100010,0100101101,-284.96894980002253,256,29,0
qaoa_selene_spsa_n10_m3_p1_lamx3_515p360102-669p59724-921p694313_20260405T095019Z,qaoa,selene,spsa,2,Suburban Homeowner,29,11196.89855154217,9847.88672319296,010010110100010,0100101101,-284.96894980002253,256,29,0
qaoa_selene_spsa_n10_m3_p1_lamx3_515p360102-669p59724-921p694313_20260405T095019Z,qaoa,selene,spsa,2,Suburban Homeowner,30,11196.89855154217,9847.88672319296,010010110100010,0100101101,-284.96894980002253,256,29,0
qaoa_selene_spsa_n10_m3_p1_lamx3_515p360102-669p59724-921p694313_20260405T095019Z,qaoa,selene,spsa,2,Suburban Homeowner,31,10676.98721907928,9847.88672319296,010010110100010,0100101101,-284.96894980002253,256,28,0
qaoa_selene_spsa_n10_m3_p1_lamx3_515p360102-669p59724-921p694313_20260405T095019Z,qaoa,selene,spsa,2,Suburban Homeowner,32,11188.349455575373,9847.88672319296,010010110100010,0100101101,-284.96894980002253,256,28,0
qaoa_selene_spsa_n10_m3_p1_lamx3_515p360102-669p59724-921p694313_20260405T095019Z,qaoa,selene,spsa,2,Suburban Homeowner,33,11142.05865518592,9847.88672319296,010010110100010,0100101101,-284.96894980002253,256,28,0
qaoa_selene_spsa_n10_m3_p1_lamx3_515p360102-669p59724-921p694313_20260405T095019Z,qaoa,selene,spsa,2,Suburban Homeowner,34,11223.356397437097,9847.88672319296,100100110000110,1001001100,-223.23450040000898,256,29,0
qaoa_selene_spsa_n10_m3_p1_lamx3_515p360102-669p59724-921p694313_20260405T095019Z,qaoa,selene,spsa,2,Suburban Homeowner,35,11071.102042359358,9847.88672319296,010010110100010,0100101101,-284.96894980002253,256,28,0
qaoa_selene_spsa_n10_m3_p1_lamx3_515p360102-669p59724-921p694313_20260405T095019Z,qaoa,selene,spsa,2,Suburban Homeowner,36,11071.102042359358,9847.88672319296,010010110100010,0100101101,-284.96894980002253,256,28,0
qaoa_selene_spsa_n10_m3_p1_lamx3_515p360102-669p59724-921p694313_20260405T095019Z,qaoa,selene,spsa,2,Suburban Homeowner,37,11026.114463377718,9847.88672319296,010010110100010,0100101101,-284.96894980002253,256,28,0
qaoa_selene_spsa_n10_m3_p1_lamx3_515p360102-669p59724-921p694313_20260405T095019Z,qaoa,selene,spsa,2,Suburban Homeowner,38,10630.55457607538,9847.88672319296,010100001010001,0101000010,-234.2416230000017,256,28,0
qaoa_selene_spsa_n10_m3_p1_lamx3_515p360102-669p59724-921p694313_20260405T095019Z,qaoa,selene,spsa,2,Suburban Homeowner,39,11318.310149242949,9847.88672319296,010100001010001,0101000010,-234.2416230000017,256,29,0
qaoa_selene_spsa_n10_m3_p1_lamx3_515p360102-669p59724-921p694313_20260405T095019Z,qaoa,selene,spsa,2,Suburban Homeowner,40,10995.48464368436,9847.88672319296,010010110100010,0100101101,-284.96894980002253,256,28,0
qaoa_selene_spsa_n10_m3_p1_lamx3_515p360102-669p59724-921p694313_20260405T095019Z,qaoa,selene,spsa,2,Suburban Homeowner,41,11070.210227651938,9847.88672319296,010010110100010,0100101101,-284.96894980002253,256,28,0
qaoa_selene_spsa_n10_m3_p1_lamx3_515p360102-669p59724-921p694313_20260405T095019Z,qaoa,selene,spsa,2,Suburban Homeowner,42,11070.210227651938,9847.88672319296,010010110100010,0100101101,-284.96894980002253,256,28,0
qaoa_selene_spsa_n10_m3_p1_lamx3_515p360102-669p59724-921p694313_20260405T095019Z,qaoa,selene,spsa,2,Suburban Homeowner,43,11035.283850981625,9847.88672319296,010010110100010,0100101101,-284.96894980002253,256,28,0
qaoa_selene_spsa_n10_m3_p1_lamx3_515p360102-669p59724-921p694313_20260405T095019Z,qaoa,selene,spsa,2,Suburban Homeowner,44,11035.283850981625,9847.88672319296,010010110100010,0100101101,-284.96894980002253,256,28,0
qaoa_selene_spsa_n10_m3_p1_lamx3_515p360102-669p59724-921p694313_20260405T095019Z,qaoa,selene,spsa,2,Suburban Homeowner,45,11078.461700999595,9847.88672319296,010010110100010,0100101101,-284.96894980002253,256,28,0
qaoa_selene_spsa_n10_m3_p1_lamx3_515p360102-669p59724-921p694313_20260405T095019Z,qaoa,selene,spsa,2,Suburban Homeowner,46,10995.51626130038,9847.88672319296,010100001010001,0101000010,-234.2416230000017,256,28,0
qaoa_selene_spsa_n10_m3_p1_lamx3_515p360102-669p59724-921p694313_20260405T095019Z,qaoa,selene,spsa,2,Suburban Homeowner,47,10974.252281649204,9847.88672319296,010010110100010,0100101101,-284.96894980002253,256,28,0
qaoa_selene_spsa_n10_m3_p1_lamx3_515p360102-669p59724-921p694313_20260405T095019Z,qaoa,selene,spsa,2,Suburban Homeowner,48,11197.21401815819,9847.88672319296,100100110000110,1001001100,-223.23450040000898,256,30,0
qaoa_selene_spsa_n10_m3_p1_lamx3_515p360102-669p59724-921p694313_20260405T095019Z,qaoa,selene,spsa,2,Suburban Homeowner,49,11002.590183263266,9847.88672319296,010010110100010,0100101101,-284.96894980002253,256,28,0
qaoa_selene_spsa_n10_m3_p1_lamx3_515p360102-669p59724-921p694313_20260405T095019Z,qaoa,selene,spsa,2,Suburban Homeowner,50,11382.594795099203,9847.88672319296,010010110100010,0100101101,-284.96894980002253,256,28,0
qaoa_selene_spsa_n10_m3_p1_lamx3_515p360102-669p59724-921p694313_20260405T095019Z,qaoa,selene,spsa,2,Suburban Homeowner,51,11010.547361914436,9847.88672319296,010010110100010,0100101101,-284.96894980002253,256,29,0
qaoa_selene_spsa_n10_m3_p1_lamx3_515p360102-669p59724-921p694313_20260405T095019Z,qaoa,selene,spsa,2,Suburban Homeowner,52,10732.313266009356,9847.88672319296,010100001010001,0101000010,-234.2416230000017,256,30,0
qaoa_selene_spsa_n10_m3_p1_lamx3_515p360102-669p59724-921p694313_20260405T095019Z,qaoa,selene,spsa,2,Suburban Homeowner,53,11570.5262660785,9847.88672319296,010010101100010,0100101011,-289.1043188000185,256,28,0
qaoa_selene_spsa_n10_m3_p1_lamx3_515p360102-669p59724-921p694313_20260405T095019Z,qaoa,selene,spsa,2,Suburban Homeowner,54,11010.005842214438,9847.88672319296,010010110100010,0100101101,-284.96894980002253,256,29,0
qaoa_selene_spsa_n10_m3_p1_lamx3_515p360102-669p59724-921p694313_20260405T095019Z,qaoa,selene,spsa,2,Suburban Homeowner,55,10956.592409323814,9847.88672319296,010010110100010,0100101101,-284.96894980002253,256,29,0
qaoa_selene_spsa_n10_m3_p1_lamx3_515p360102-669p59724-921p694313_20260405T095019Z,qaoa,selene,spsa,2,Suburban Homeowner,56,11301.11252278865,9847.88672319296,010100001010001,0101000010,-234.2416230000017,256,30,0
qaoa_selene_spsa_n10_m3_p1_lamx3_515p360102-669p59724-921p694313_20260405T095019Z,qaoa,selene,spsa,2,Suburban Homeowner,57,10945.504389288659,9847.88672319296,010010110100010,0100101101,-284.96894980002253,256,29,0
qaoa_selene_spsa_n10_m3_p1_lamx3_515p360102-669p59724-921p694313_20260405T095019Z,qaoa,selene,spsa,2,Suburban Homeowner,58,11254.85384033983,9847.88672319296,010100001010001,0101000010,-234.2416230000017,256,25,0
qaoa_selene_spsa_n10_m3_p1_lamx3_515p360102-669p59724-921p694313_20260405T095019Z,qaoa,selene,spsa,2,Suburban Homeowner,59,12304.93637445116,9847.88672319296,011001010000001,0110010100,351.20044999998936,256,17,0
qaoa_selene_spsa_n10_m3_p1_lamx3_515p360102-669p59724-921p694313_20260405T095019Z,qaoa,selene,spsa,2,Suburban Homeowner,60,11003.422320254283,9847.88672319296,010010110100010,0100101101,-284.96894980002253,256,28,0
qaoa_selene_spsa_n10_m3_p1_lamx3_515p360102-669p59724-921p694313_20260405T095019Z,qaoa,selene,spsa,2,Suburban Homeowner,61,10909.691373155847,9847.88672319296,010010110100010,0100101101,-284.96894980002253,256,28,0
qaoa_selene_spsa_n10_m3_p1_lamx3_515p360102-669p59724-921p694313_20260405T095019Z,qaoa,selene,spsa,2,Suburban Homeowner,62,10909.691373155847,9847.88672319296,010010110100010,0100101101,-284.96894980002253,256,28,0
qaoa_selene_spsa_n10_m3_p1_lamx3_515p360102-669p59724-921p694313_20260405T095019Z,qaoa,selene,spsa,2,Suburban Homeowner,63,10324.234410307407,9847.88672319296,100100110000110,1001001100,-223.23450040000898,256,24,0
qaoa_selene_spsa_n10_m3_p1_lamx3_515p360102-669p59724-921p694313_20260405T095019Z,qaoa,selene,spsa,2,Suburban Homeowner,64,10923.527985398034,9847.88672319296,010010110100010,0100101101,-284.96894980002253,256,29,0
qaoa_selene_spsa_n10_m3_p1_lamx3_515p360102-669p59724-921p694313_20260405T095019Z,qaoa,selene,spsa,2,Suburban Homeowner,65,10040.373443263663,9847.88672319296,010010101100010,0100101011,-289.1043188000185,256,34,0
qaoa_selene_spsa_n10_m3_p1_lamx3_515p360102-669p59724-921p694313_20260405T095019Z,qaoa,selene,spsa,2,Suburban Homeowner,66,10946.92241188241,9847.88672319296,010010110100010,0100101101,-284.96894980002253,256,28,0
qaoa_selene_spsa_n10_m3_p1_lamx3_515p360102-669p59724-921p694313_20260405T095019Z,qaoa,selene,spsa,2,Suburban Homeowner,67,10886.431423112877,9847.88672319296,010010110100010,0100101101,-284.96894980002253,256,28,0
qaoa_selene_spsa_n10_m3_p1_lamx3_515p360102-669p59724-921p694313_20260405T095019Z,qaoa,selene,spsa,2,Suburban Homeowner,68,10886.431423112877,9847.88672319296,010010110100010,0100101101,-284.96894980002253,256,28,0
qaoa_selene_spsa_n10_m3_p1_lamx3_515p360102-669p59724-921p694313_20260405T095019Z,qaoa,selene,spsa,2,Suburban Homeowner,69,11346.741905014836,9847.88672319296,010010110100010,0100101101,-284.96894980002253,256,29,0
qaoa_selene_spsa_n10_m3_p1_lamx3_515p360102-669p59724-921p694313_20260405T095019Z,qaoa,selene,spsa,2,Suburban Homeowner,70,10881.816049264831,9847.88672319296,010010110100010,0100101101,-284.96894980002253,256,28,0
qaoa_selene_spsa_n10_m3_p1_lamx3_515p360102-669p59724-921p694313_20260405T095019Z,qaoa,selene,spsa,2,Suburban Homeowner,71,10897.34528747811,9847.88672319296,010010110100010,0100101101,-284.96894980002253,256,28,0
qaoa_selene_spsa_n10_m3_p1_lamx3_515p360102-669p59724-921p694313_20260405T095019Z,qaoa,selene,spsa,2,Suburban Homeowner,72,10897.34528747811,9847.88672319296,010010110100010,0100101101,-284.96894980002253,256,28,0
qaoa_selene_spsa_n10_m3_p1_lamx3_515p360102-669p59724-921p694313_20260405T095019Z,qaoa,selene,spsa,2,Suburban Homeowner,73,10887.47288777108,9847.88672319296,010010110100010,0100101101,-284.96894980002253,256,28,0
qaoa_selene_spsa_n10_m3_p1_lamx3_515p360102-669p59724-921p694313_20260405T095019Z,qaoa,selene,spsa,2,Suburban Homeowner,74,10887.47288777108,9847.88672319296,010010110100010,0100101101,-284.96894980002253,256,28,0
qaoa_selene_spsa_n10_m3_p1_lamx3_515p360102-669p59724-921p694313_20260405T095019Z,qaoa,selene,spsa,2,Suburban Homeowner,75,10847.406841335142,9847.88672319296,010010110100010,0100101101,-284.96894980002253,256,28,0
qaoa_selene_spsa_n10_m3_p1_lamx3_515p360102-669p59724-921p694313_20260405T095019Z,qaoa,selene,spsa,2,Suburban Homeowner,76,10891.537346630066,9847.88672319296,010010110100010,0100101101,-284.96894980002253,256,29,0
qaoa_selene_spsa_n10_m3_p1_lamx3_515p360102-669p59724-921p694313_20260405T095019Z,qaoa,selene,spsa,2,Suburban Homeowner,77,10909.050728454673,9847.88672319296,010010110100010,0100101101,-284.96894980002253,256,28,0
qaoa_selene_spsa_n10_m3_p1_lamx3_515p360102-669p59724-921p694313_20260405T095019Z,qaoa,selene,spsa,2,Suburban Homeowner,78,10909.050728454673,9847.88672319296,010010110100010,0100101101,-284.96894980002253,256,28,0
qaoa_selene_spsa_n10_m3_p1_lamx3_515p360102-669p59724-921p694313_20260405T095019Z,qaoa,selene,spsa,2,Suburban Homeowner,79,10980.438282973813,9847.88672319296,010010110100010,0100101101,-284.96894980002253,256,29,0
qaoa_selene_spsa_n10_m3_p1_lamx3_515p360102-669p59724-921p694313_20260405T095019Z,qaoa,selene,spsa,2,Suburban Homeowner,80,10214.595263386316,9847.88672319296,010010110100010,0100101101,-284.96894980002253,256,30,0
